strategy,ann_return_net,sharpe_net,sortino_net,max_drawdown,calmar,win_rate_daily,profit_factor,t_stat_daily,n_days,ann_return_gross,sharpe_gross,mean_ic,ic_std,icir,ic_t,n_obs,topbot_spread,topbot_t
v1_pairs,-0.330347338254027,-1.0266647896937855,-1.0465029662052214,-0.8474325011062566,-0.389821416835895,0.3466160657811512,0.8158335312740527,-2.136722732775743,1581,-0.2793584846250033,-0.821230886586287,,,,,0,,
v2_graph_ml,0.1705627309633461,1.249872182503754,1.7250469423376034,-0.0882296785694777,1.93316731658536,0.545224541429475,1.201524495830099,2.6012680401909463,1581,0.1984092051631718,1.432982386620973,0.1768431390233392,0.2442287566541864,0.7240881108596836,10.78866986648552,222,0.0823023023023023,9.561794779513276
v3_altdata_ml,0.218007608812571,1.5770037750636674,2.3044671992199297,-0.1005355925761724,2.16846196681433,0.5433270082226439,1.2526564927936057,3.282103223640046,1581,0.2471092336924818,1.766566552407148,0.1797713174798825,0.2434872860426169,0.7383191147336443,11.0007070486491,222,0.0858658658658658,9.982022542711936
