strategy,ann_return_net,sharpe_net,sortino_net,max_drawdown,calmar,win_rate_daily,profit_factor,t_stat_daily,n_days,ann_return_gross,sharpe_gross,mean_ic,ic_std,icir,ic_t,n_obs,topbot_spread,topbot_t
v2_graph_ml,0.17056273096334618,1.249872182503754,1.7250469423376034,-0.08822967856947778,1.9331673165853598,0.545224541429475,1.201524495830099,2.6012680401909463,1581,0.19840920516317184,1.432982386620973,0.17684313902333923,0.24422875665418642,0.7240881108596836,10.78866986648552,222,0.0823023023023023,9.561794779513276
