strategy,ann_return_net,sharpe_net,sortino_net,max_drawdown,calmar,win_rate_daily,profit_factor,t_stat_daily,n_days,ann_return_gross,sharpe_gross,mean_ic,ic_std,icir,ic_t,n_obs,ic_t_naive,ic_t_newey_west,topbot_spread,topbot_t
v3_altdata_ml,0.036483345987843085,0.3414157997768531,0.45715751916253833,-0.24213858092620247,0.1506713463351892,0.5205566097406704,1.0504416153254548,0.7105638646958939,1581,0.06285487061525852,0.5372053705554042,0.13614125805449495,0.23974959156349251,0.5678477163054556,8.460740417880537,222,8.460740417880537,5.995770914168849,0.06642642642642642,7.603081285890167
